{"easy": {"count": 1656, "partial": {"select": {"acc": 0.8866930171277997, "rec": 0.40640096618357485, "f1": 0.5573498964803312, "acc_count": 759, "rec_count": 1656}, "select(no AGG)": {"acc": 0.8998682476943346, "rec": 0.41243961352657005, "f1": 0.565631469979296, "acc_count": 759, "rec_count": 1656}, "where": {"acc": 0.849624060150376, "rec": 0.37110016420361247, "f1": 0.5165714285714286, "acc_count": 266, "rec_count": 609}, "where(no OP)": {"acc": 0.868421052631579, "rec": 0.3793103448275862, "f1": 0.528, "acc_count": 266, "rec_count": 609}, "group(no Having)": {"acc": 0.7931034482758621, "rec": 0.6524822695035462, "f1": 0.7159533073929961, "acc_count": 116, "rec_count": 141}, "group": {"acc": 0.017241379310344827, "rec": 0.014184397163120567, "f1": 0.015564202334630352, "acc_count": 116, "rec_count": 141}, "order": {"acc": 0.8990384615384616, "rec": 0.827433628318584, "f1": 0.8617511520737327, "acc_count": 208, "rec_count": 226}, "and/or": {"acc": 1.0, "rec": 0.9993961352657005, "f1": 0.9996979764421625, "acc_count": 1655, "rec_count": 1656}, "IUEN": {"acc": 0, "rec": 0, "f1": 1, "acc_count": 0, "rec_count": 0}, "keywords": {"acc": 0.903448275862069, "rec": 0.5368852459016393, "f1": 0.6735218508997429, "acc_count": 580, "rec_count": 976}}, "exact": 0.3134057971014493, "exec": 0}, "medium": {"count": 1587, "partial": {"select": {"acc": 0.8920454545454546, "rec": 0.29678638941398866, "f1": 0.4453900709219858, "acc_count": 528, "rec_count": 1587}, "select(no AGG)": {"acc": 0.8920454545454546, "rec": 0.29678638941398866, "f1": 0.4453900709219858, "acc_count": 528, "rec_count": 1587}, "where": {"acc": 0.6590909090909091, "rec": 0.24086378737541528, "f1": 0.35279805352798055, "acc_count": 220, "rec_count": 602}, "where(no OP)": {"acc": 0.6772727272727272, "rec": 0.24750830564784054, "f1": 0.36253041362530414, "acc_count": 220, "rec_count": 602}, "group(no Having)": {"acc": 0.7, "rec": 0.032036613272311214, "f1": 0.061269146608315096, "acc_count": 20, "rec_count": 437}, "group": {"acc": 0.05, "rec": 0.002288329519450801, "f1": 0.00437636761487965, "acc_count": 20, "rec_count": 437}, "order": {"acc": 0.4788732394366197, "rec": 0.24228028503562946, "f1": 0.3217665615141956, "acc_count": 213, "rec_count": 421}, "and/or": {"acc": 0.8909892879647133, "rec": 0.9992932862190813, "f1": 0.9420386409060626, "acc_count": 1587, "rec_count": 1415}, "IUEN": {"acc": 0, "rec": 0, "f1": 1, "acc_count": 0, "rec_count": 0}, "keywords": {"acc": 0.5794621026894865, "rec": 0.176602086438152, "f1": 0.27070245573957735, "acc_count": 409, "rec_count": 1342}}, "exact": 0.18462507876496534, "exec": 0}, "hard": {"count": 828, "partial": {"select": {"acc": 0.8742857142857143, "rec": 0.18478260869565216, "f1": 0.3050847457627119, "acc_count": 175, "rec_count": 828}, "select(no AGG)": {"acc": 0.9085714285714286, "rec": 0.19202898550724637, "f1": 0.317048853439681, "acc_count": 175, "rec_count": 828}, "where": {"acc": 0.43333333333333335, "rec": 0.0962962962962963, "f1": 0.15757575757575756, "acc_count": 90, "rec_count": 405}, "where(no OP)": {"acc": 0.4888888888888889, "rec": 0.10864197530864197, "f1": 0.17777777777777776, "acc_count": 90, "rec_count": 405}, "group(no Having)": {"acc": 0.821917808219178, "rec": 0.21739130434782608, "f1": 0.3438395415472779, "acc_count": 73, "rec_count": 276}, "group": {"acc": 0.7534246575342466, "rec": 0.19927536231884058, "f1": 0.31518624641833815, "acc_count": 73, "rec_count": 276}, "order": {"acc": 0.0, "rec": 0.0, "f1": 1, "acc_count": 75, "rec_count": 290}, "and/or": {"acc": 0.9962358845671268, "rec": 0.9624242424242424, "f1": 0.9790382244143034, "acc_count": 797, "rec_count": 825}, "IUEN": {"acc": 1.0, "rec": 0.0035335689045936395, "f1": 0.007042253521126761, "acc_count": 1, "rec_count": 283}, "keywords": {"acc": 0.24242424242424243, "rec": 0.04830917874396135, "f1": 0.08056394763343404, "acc_count": 165, "rec_count": 828}}, "exact": 0.030193236714975844, "exec": 0}, "extra": {"count": 290, "partial": {"select": {"acc": 0.8478260869565217, "rec": 0.13448275862068965, "f1": 0.23214285714285715, "acc_count": 46, "rec_count": 290}, "select(no AGG)": {"acc": 0.8478260869565217, "rec": 0.13448275862068965, "f1": 0.23214285714285715, "acc_count": 46, "rec_count": 290}, "where": {"acc": 0.5681818181818182, "rec": 0.099601593625498, "f1": 0.1694915254237288, "acc_count": 44, "rec_count": 251}, "where(no OP)": {"acc": 0.5909090909090909, "rec": 0.10358565737051793, "f1": 0.176271186440678, "acc_count": 44, "rec_count": 251}, "group(no Having)": {"acc": 0.75, "rec": 0.05263157894736842, "f1": 0.09836065573770492, "acc_count": 4, "rec_count": 57}, "group": {"acc": 0.75, "rec": 0.05263157894736842, "f1": 0.09836065573770492, "acc_count": 4, "rec_count": 57}, "order": {"acc": 0.0, "rec": 0.0, "f1": 1, "acc_count": 9, "rec_count": 53}, "and/or": {"acc": 0.7852112676056338, "rec": 0.9737991266375546, "f1": 0.8693957115009746, "acc_count": 284, "rec_count": 229}, "IUEN": {"acc": 0, "rec": 0.0, "f1": 1, "acc_count": 0, "rec_count": 40}, "keywords": {"acc": 0.5652173913043478, "rec": 0.0896551724137931, "f1": 0.15476190476190477, "acc_count": 46, "rec_count": 290}}, "exact": 0.07241379310344828, "exec": 0}, "all": {"count": 4361, "partial": {"select": {"acc": 0.8859416445623343, "rec": 0.30635175418481997, "f1": 0.45527347077866753, "acc_count": 1508, "rec_count": 4361}, "select(no AGG)": {"acc": 0.896551724137931, "rec": 0.31002063746847053, "f1": 0.46072584767422037, "acc_count": 1508, "rec_count": 4361}, "where": {"acc": 0.7016129032258065, "rec": 0.2329941081949652, "f1": 0.34981905910735833, "acc_count": 620, "rec_count": 1867}, "where(no OP)": {"acc": 0.7258064516129032, "rec": 0.241028387787895, "f1": 0.36188178528347403, "acc_count": 620, "rec_count": 1867}, "group(no Having)": {"acc": 0.7934272300469484, "rec": 0.18551042810098792, "f1": 0.30071174377224197, "acc_count": 213, "rec_count": 911}, "group": {"acc": 0.2863849765258216, "rec": 0.06695938529088913, "f1": 0.1085409252669039, "acc_count": 213, "rec_count": 911}, "order": {"acc": 0.5722772277227722, "rec": 0.2919191919191919, "f1": 0.3866220735785953, "acc_count": 505, "rec_count": 990}, "and/or": {"acc": 0.945176960444136, "rec": 0.9905454545454545, "f1": 0.9673295454545454, "acc_count": 4323, "rec_count": 4125}, "IUEN": {"acc": 1.0, "rec": 0.0030959752321981426, "f1": 0.00617283950617284, "acc_count": 1, "rec_count": 323}, "keywords": {"acc": 0.6891666666666667, "rec": 0.24068684516880093, "f1": 0.35677308024158755, "acc_count": 1200, "rec_count": 3436}}, "exact": 0.19674386608576014, "exec": 0}}