{"easy": {"count": 3, "partial": {"select": {"acc": 1.0, "rec": 0.6666666666666666, "f1": 0.8, "acc_count": 2, "rec_count": 3}, "select(no AGG)": {"acc": 1.0, "rec": 0.6666666666666666, "f1": 0.8, "acc_count": 2, "rec_count": 3}, "where": {"acc": 0, "rec": 0, "f1": 1, "acc_count": 0, "rec_count": 0}, "where(no OP)": {"acc": 0, "rec": 0, "f1": 1, "acc_count": 0, "rec_count": 0}, "group(no Having)": {"acc": 0, "rec": 0, "f1": 1, "acc_count": 0, "rec_count": 0}, "group": {"acc": 0, "rec": 0, "f1": 1, "acc_count": 0, "rec_count": 0}, "order": {"acc": 0, "rec": 0, "f1": 1, "acc_count": 0, "rec_count": 0}, "and/or": {"acc": 1.0, "rec": 1.0, "f1": 1.0, "acc_count": 3, "rec_count": 3}, "IUEN": {"acc": 0, "rec": 0, "f1": 1, "acc_count": 0, "rec_count": 0}, "keywords": {"acc": 0, "rec": 0, "f1": 1, "acc_count": 0, "rec_count": 0}}, "exact": 0.0, "exec": 0}, "medium": {"count": 277, "partial": {"select": {"acc": 0.8823529411764706, "rec": 0.1624548736462094, "f1": 0.274390243902439, "acc_count": 51, "rec_count": 277}, "select(no AGG)": {"acc": 0.9019607843137255, "rec": 0.16606498194945848, "f1": 0.2804878048780488, "acc_count": 51, "rec_count": 277}, "where": {"acc": 0.7741935483870968, "rec": 0.1518987341772152, "f1": 0.25396825396825395, "acc_count": 31, "rec_count": 158}, "where(no OP)": {"acc": 0.7741935483870968, "rec": 0.1518987341772152, "f1": 0.25396825396825395, "acc_count": 31, "rec_count": 158}, "group(no Having)": {"acc": 0.0, "rec": 0.0, "f1": 1, "acc_count": 11, "rec_count": 72}, "group": {"acc": 0.0, "rec": 0.0, "f1": 1, "acc_count": 11, "rec_count": 72}, "order": {"acc": 1.0, "rec": 0.7142857142857143, "f1": 0.8333333333333333, "acc_count": 5, "rec_count": 7}, "and/or": {"acc": 0.9314079422382672, "rec": 1.0, "f1": 0.9644859813084112, "acc_count": 277, "rec_count": 258}, "IUEN": {"acc": 0, "rec": 0, "f1": 1, "acc_count": 0, "rec_count": 0}, "keywords": {"acc": 0.8444444444444444, "rec": 0.16033755274261605, "f1": 0.26950354609929084, "acc_count": 45, "rec_count": 237}}, "exact": 0.07942238267148015, "exec": 0}, "hard": {"count": 97, "partial": {"select": {"acc": 1.0, "rec": 0.07216494845360824, "f1": 0.1346153846153846, "acc_count": 7, "rec_count": 97}, "select(no AGG)": {"acc": 1.0, "rec": 0.07216494845360824, "f1": 0.1346153846153846, "acc_count": 7, "rec_count": 97}, "where": {"acc": 0.5, "rec": 0.016666666666666666, "f1": 0.03225806451612903, "acc_count": 2, "rec_count": 60}, "where(no OP)": {"acc": 0.5, "rec": 0.016666666666666666, "f1": 0.03225806451612903, "acc_count": 2, "rec_count": 60}, "group(no Having)": {"acc": 0.0, "rec": 0.0, "f1": 1, "acc_count": 1, "rec_count": 10}, "group": {"acc": 0.0, "rec": 0.0, "f1": 1, "acc_count": 1, "rec_count": 10}, "order": {"acc": 0.6, "rec": 0.07692307692307693, "f1": 0.13636363636363635, "acc_count": 5, "rec_count": 39}, "and/or": {"acc": 0.7525773195876289, "rec": 1.0, "f1": 0.8588235294117647, "acc_count": 97, "rec_count": 73}, "IUEN": {"acc": 0, "rec": 0, "f1": 1, "acc_count": 0, "rec_count": 0}, "keywords": {"acc": 0.2857142857142857, "rec": 0.020618556701030927, "f1": 0.038461538461538464, "acc_count": 7, "rec_count": 97}}, "exact": 0.020618556701030927, "exec": 0}, "extra": {"count": 123, "partial": {"select": {"acc": 0.7857142857142857, "rec": 0.08943089430894309, "f1": 0.16058394160583941, "acc_count": 14, "rec_count": 123}, "select(no AGG)": {"acc": 0.7857142857142857, "rec": 0.08943089430894309, "f1": 0.16058394160583941, "acc_count": 14, "rec_count": 123}, "where": {"acc": 0.5, "rec": 0.05555555555555555, "f1": 0.09999999999999999, "acc_count": 8, "rec_count": 72}, "where(no OP)": {"acc": 0.5, "rec": 0.05555555555555555, "f1": 0.09999999999999999, "acc_count": 8, "rec_count": 72}, "group(no Having)": {"acc": 0.25, "rec": 0.01818181818181818, "f1": 0.03389830508474576, "acc_count": 4, "rec_count": 55}, "group": {"acc": 0.25, "rec": 0.01818181818181818, "f1": 0.03389830508474576, "acc_count": 4, "rec_count": 55}, "order": {"acc": 0.1111111111111111, "rec": 0.01694915254237288, "f1": 0.02941176470588235, "acc_count": 9, "rec_count": 59}, "and/or": {"acc": 0.8852459016393442, "rec": 0.9818181818181818, "f1": 0.9310344827586207, "acc_count": 122, "rec_count": 110}, "IUEN": {"acc": 0, "rec": 0.0, "f1": 1, "acc_count": 0, "rec_count": 26}, "keywords": {"acc": 0.35714285714285715, "rec": 0.04065040650406504, "f1": 0.072992700729927, "acc_count": 14, "rec_count": 123}}, "exact": 0.008130081300813009, "exec": 0}, "all": {"count": 500, "partial": {"select": {"acc": 0.8783783783783784, "rec": 0.13, "f1": 0.22648083623693382, "acc_count": 74, "rec_count": 500}, "select(no AGG)": {"acc": 0.8918918918918919, "rec": 0.132, "f1": 0.22996515679442514, "acc_count": 74, "rec_count": 500}, "where": {"acc": 0.7073170731707317, "rec": 0.1, "f1": 0.17522658610271902, "acc_count": 41, "rec_count": 290}, "where(no OP)": {"acc": 0.7073170731707317, "rec": 0.1, "f1": 0.17522658610271902, "acc_count": 41, "rec_count": 290}, "group(no Having)": {"acc": 0.0625, "rec": 0.0072992700729927005, "f1": 0.0130718954248366, "acc_count": 16, "rec_count": 137}, "group": {"acc": 0.0625, "rec": 0.0072992700729927005, "f1": 0.0130718954248366, "acc_count": 16, "rec_count": 137}, "order": {"acc": 0.47368421052631576, "rec": 0.08571428571428572, "f1": 0.14516129032258066, "acc_count": 19, "rec_count": 105}, "and/or": {"acc": 0.8857715430861723, "rec": 0.9954954954954955, "f1": 0.9374337221633087, "acc_count": 499, "rec_count": 444}, "IUEN": {"acc": 0, "rec": 0.0, "f1": 1, "acc_count": 0, "rec_count": 26}, "keywords": {"acc": 0.6818181818181818, "rec": 0.09846827133479212, "f1": 0.17208413001912046, "acc_count": 66, "rec_count": 457}}, "exact": 0.05, "exec": 0}}